{
    "imu_parameter": {
        "updateRateHz":                     200,
        "velocityRandomWalk":               [0.000333333333333333, 0.000333333333333333, 0.000333333333333333],
        "biasInstabilityAccelerometer":     [0.0000588399000000000, 0.0000588399000000000, 0.0000588399000000000],
        "angularRandomWalk":                [0.0000232710566932577, 0.0000232710566932577, 0.0000232710566932577],
        "biasInstabilityGyroscope":         [0.00000387850944887629, 0.00000387850944887629, 0.00000387850944887629],
        "position":                         [-1.79141, 0.34245, -0.61935],
        "rotationMatrix":                   [0.0, 0.0, -1.0, 0.0, 1.0, 0.0, 1.0, 0.0, 0.0]
    }
}